,labels
captcha0,PWURV
captcha1,VUWN
captcha2,EUCHT
captcha3,8Y8EB
captcha4,HJDKC
captcha5,WJESD
captcha6,DY6TD
captcha7,E6E59
captcha8,BJX3A
captcha9,CXYR9
captcha10,43MB8
captcha11,WNX5R
captcha12,KT55Y
captcha13,YA9H4
captcha14,3CNKP
captcha15,9EN6U
captcha16,9UXM3
captcha17,RCTH9
captcha18,68JHA
captcha19,WRMSP
captcha20,PNU8C
captcha21,R6YCH
captcha22,P348W
captcha23,EKPJB
captcha24,M3NPK
captcha25,AASH8
captcha26,RSAXX
captcha27,W53NW
captcha28,CY9TS
captcha29,NYXCP
captcha30,X8PPT
captcha31,9N6T6
captcha32,RY954
captcha33,DB53V
captcha34,YMN46
captcha35,8PTMB
captcha36,483DY
captcha37,J4JMK
captcha38,PW3AA
captcha39,P8C4K
captcha40,6N6PS
captcha41,XYWUP
captcha42,Y86B8
captcha43,HD653
captcha44,4AMDS
captcha45,8WT8B
captcha46,DKARC
captcha47,8APDN
captcha48,M8N98
captcha49,SEXMX
captcha50,CKVMC
captcha51,3MK8V
captcha52,VR3ND
captcha53,CTXHU
captcha54,P4VU4
captcha55,8JN5R
captcha56,REA86
captcha57,68K66
captcha58,BX44C
captcha59,5KJAA
captcha60,6P4US
captcha61,5VB45
captcha62,UEH4V
captcha63,X9YX4
captcha64,YW4YJ
captcha65,SKKKW
captcha66,MY6AD
captcha67,CSSUV
captcha68,KE8SC
captcha69,KROBM
captcha70,YSMHN
captcha71,ANVEK
captcha72,YPNEA
captcha73,HAAUE
captcha74,ST9HV
captcha75,9WV8Y
captcha76,EEDVM
captcha77,BD5US
captcha78,BXWWC
captcha79,BDE4D
captcha80,CHJJK
captcha81,SVTA5
captcha82,VBXVR
captcha83,CYXUH
captcha84,895US
captcha85,Y4XWD
captcha86,4STUP
captcha87,RP66W
captcha88,CADH9
captcha89,MMAJP
captcha90,3T5XA
captcha91,A8KET
captcha92,XYEX9
captcha93,APRJ5
captcha94,PERCD
captcha95,ECYU3
captcha96,PXEWS
captcha97,4D58X
captcha98,KK46V
captcha99,SKEYC
captcha100,8R8UT
captcha101,X6VKE
captcha102,S8DB5
captcha103,DB9JJ
captcha104,R9UMV
captcha105,HJCEY
captcha106,K4YDH
captcha107,PBYR4
captcha108,UWHX3
captcha109,8H34U
captcha110,RDTMW
captcha111,C9NCK
captcha112,WCYDN
captcha113,4N69E
captcha114,CNK3R
captcha115,TK5EK
captcha116,CNYDM
captcha117,SKMPP
captcha118,KR9SK
captcha119,NWTDB
captcha120,P3YUE
captcha121,YUMD9
captcha122,R9HH6
captcha123,3RP33
captcha124,94CMR
captcha125,65M3B
captcha126,ESX9W
captcha127,3BMAE
captcha128,8B968
captcha129,4HUYR
captcha130,3TRUD
captcha131,REBRR
captcha132,3AVAJ
captcha133,DUA9H
captcha134,8JBDR
captcha135,5SNY3
captcha136,ETU3M
captcha137,4VMXT
captcha138,RKRBW
captcha139,RY4SN
captcha140,BUTKE
captcha141,TRSBJ
captcha142,8JD6N
captcha143,9WRMP
captcha144,V5DEE
captcha145,3E3CW
captcha146,5BB6B
captcha147,VMRBU
captcha148,B4UNC
captcha149,8C6C3
captcha150,W8RWJ
captcha151,8BTXU
captcha152,A3YK8
captcha153,NBR45
captcha154,EM96Y
captcha155,4MJRV
captcha156,DBTBB
captcha157,UPMMD
captcha158,RUPU5
captcha159,46RBS
captcha160,BURX6
captcha161,M4KDJ
captcha162,95WKD
captcha163,98SXK
captcha164,RBWN4
captcha165,BUTTW
captcha166,5DKPP
captcha167,A3HBW
captcha168,CR9SB
captcha169,9MAKN
captcha170,XCURU
captcha171,X4UND
captcha172,4YJ65
captcha173,KYWKB
captcha174,WJ9RV
captcha175,C4HSD
captcha176,4EHU9
captcha177,89JVW
captcha178,VA96T
captcha179,JEXUC
captcha180,PYHNW
captcha181,RTACR
captcha182,XJH8P
captcha183,A5KBX
captcha184,CJEYD
captcha185,4589J
captcha186,P43KY
captcha187,9D3EN
captcha188,UMUJ3
captcha189,34NTU
captcha190,4X8WD
captcha191,R9DYX
captcha192,EBRUO
captcha193,BUYYA
captcha194,MXTH4
captcha195,HVY64
captcha196,SYJVW
captcha197,PP934
captcha198,86B8D
captcha199,RUTY3
captcha200,XMJVH
captcha201,MCMVK
captcha202,J4DEN
captcha203,MHKS6
captcha204,H53EN
captcha205,CKMMU
captcha206,M85UH
captcha207,3URN9
captcha208,HPXPT
captcha209,BKCNB
captcha210,WMA84
captcha211,KDJEN
captcha212,68KH9
captcha213,4MNDJ
captcha214,3K639
captcha215,CBCHB
captcha216,KP5NH
captcha217,RYJDS
captcha218,JK4DK
captcha219,CKVJR
captcha220,4MXDK
captcha221,URNEU
captcha222,KEX5K
captcha223,5ENA3
captcha224,KC84P
captcha225,59AYE
captcha226,YVURB
captcha227,RKWAN
captcha228,9SCPW
captcha229,HC4KK
captcha230,XAPSH
captcha231,4D6PC
captcha232,VSRNA
captcha233,RBEB9
captcha234,568JE
captcha235,CMX4Y
captcha236,34PDN
captcha237,J6VXC
captcha238,8SN8X
captcha239,RASVH
captcha240,VBHWU
captcha241,K6PWP
captcha242,6MKEA
captcha243,8C4DM
captcha244,WDU66
captcha245,BHHBH
captcha246,4HEKD
captcha247,65JPK
captcha248,E6KPC
captcha249,H6NXM
captcha250,WWY38
captcha251,AHVRD
captcha252,39M9P
captcha253,H5PRE
captcha254,C4XV8
captcha255,5RY88
captcha256,TXWJD
captcha257,HN58A
captcha258,H385S
captcha259,UYMRJ
captcha260,R58C9
captcha261,WH3YP
captcha262,BMDM8
captcha263,VX9B8
captcha264,85D6B
captcha265,JTRSE
captcha266,6E336
captcha267,93N6B
captcha268,4CPPP
captcha269,RSK58
captcha270,D5CX6
captcha271,5A5US
captcha272,HUSVV
captcha273,DUANC
captcha274,X5VPA
captcha275,CTSAU
captcha276,6J5JN
captcha277,PPRTP
captcha278,JP8BV
captcha279,VVAH9
captcha280,96SMP
captcha281,PSKPB
captcha282,5RYJY
captcha283,M3HJH
captcha284,5CUCE
captcha285,XB4C4
captcha286,DEVEK
captcha287,YWD4X
captcha288,KRWY3
captcha289,SDBY4
captcha290,HAHC6
captcha291,K635V
captcha292,WX4YJ
captcha293,95WE9
captcha294,H9KWC
captcha295,EDKJE
captcha296,K3MUM
captcha297,YKMTR
captcha298,C4WRY
captcha299,THHVC
captcha300,AE5Y4
captcha301,BWARE
captcha302,VSNJ8
captcha303,HEN9X
captcha304,3CPB3
captcha305,WCHYE
captcha306,UDBBE
captcha307,SSBAP
captcha308,9KBTR
captcha309,P9PMP
captcha310,E4MA9
captcha311,SE9NT
captcha312,MYECM
captcha313,4H654
captcha314,8JXH6
captcha315,N3KH9
captcha316,NBKJA
captcha317,8YHCH
captcha318,VAHYW
captcha319,UT33C
captcha320,5P9H3
captcha321,YWCTB
captcha322,XK5TU
captcha323,CADVR
captcha324,TWPD4
captcha325,SHWYU
captcha326,XJTT6
captcha327,SX99E
captcha328,WNMRJ
captcha329,V9Y6A
captcha330,XDYC6
captcha331,6UXVX
captcha332,JV389
captcha333,PVD53
captcha334,33YUM
captcha335,8NTEK
captcha336,RYCKK
captcha337,VP4A5
captcha338,CESDB
captcha339,9BK6N
captcha340,XNX3T
captcha341,WAEYT
captcha342,HXHX9
captcha343,5V8CU
captcha344,WVHXY
captcha345,T4NU6
captcha346,SAMVT
captcha347,DCTJ5
captcha348,KNETR
captcha349,5VW68
captcha350,TYA6P
captcha351,AC5HW
captcha352,KXJAD
captcha353,5HYBW
captcha354,9VS6E
captcha355,WAYPD
captcha356,DJ59U
captcha357,D6B4E
captcha358,46NAY
captcha359,4HP6V
captcha360,VBXXW
captcha361,59YTS
captcha362,6JYMD
captcha363,5P9M4
captcha364,NAD8M
captcha365,YTKDC
captcha366,AV63U
captcha367,3VMHM
captcha368,S4V5B
captcha369,PYH5H
captcha370,M36U9
captcha371,DB46P
captcha372,KD9HD
captcha373,DVB4M
captcha374,DDWH8
captcha375,64PK8
captcha376,3T8SM
captcha377,H43UT
captcha378,VAB8N
captcha379,SXNWA
captcha380,DDVMD
captcha381,9PM6X
captcha382,A8NW8
captcha383,XB3TT
captcha384,UBT6E
captcha385,BCJDY
captcha386,YDC8B
captcha387,U6RNK
captcha388,KMB9N
captcha389,XY63W
captcha390,TEN9P
captcha391,N3H9X
captcha392,AJ5YX
captcha393,8CY63
captcha394,PNSJC
captcha395,PJHH5
captcha396,RSYSV
captcha397,N8JX3
captcha398,69EPJ
captcha399,PMVHM
